song_popularity,song_duration_ms,acousticness,danceability,energy,instrumentalness,key,liveness,loudness,speechiness,tempo,audio_valence
73,262333,0.00552,0.496,0.682,2.94E-05,8,0.0589,-4.095,0.0294,167.06,0.474
66,216933,0.0103,0.542,0.853,0,3,0.108,-6.407,0.0498,105.256,0.37
76,231733,0.00817,0.737,0.463,0.447,0,0.255,-7.828,0.0792,123.881,0.324
74,216933,0.0264,0.451,0.97,0.00355,0,0.102,-4.938,0.107,122.444,0.198
56,223826,0.000954,0.447,0.766,0,10,0.113,-5.065,0.0313,172.011,0.574
80,235893,0.00895,0.316,0.945,1.85E-06,4,0.396,-3.169,0.124,189.931,0.32
81,199893,0.000504,0.581,0.887,0.00111,4,0.268,-3.659,0.0624,90.578,0.724
76,213800,0.00148,0.613,0.953,0.000582,2,0.152,-3.435,0.0855,105.046,0.537
80,222586,0.00108,0.33,0.936,0,1,0.0926,-3.66,0.0917,148.112,0.234